{
    "zcr_similarity": 0.996261316317753,
    "rhythm_similarity": 0.5301316728810117,
    "chroma_similarity": 0.7130916118621826,
    "spectral_contrast_similarity": 0.8521345144895158,
    "perceptual_similarity": 0.5020317724542596,
    "stent_weighted_audio_similarity": 0.6335167261519931
}