{
    "zcr_similarity": 0.9719200026705028,
    "rhythm_similarity": 0.503056083249388,
    "chroma_similarity": 0.7168797552585602,
    "spectral_contrast_similarity": 0.8451659943968959,
    "perceptual_similarity": 0.4998904775934044,
    "stent_weighted_audio_similarity": 0.6228658631940607
}