{
    "zcr_similarity": 0.964878556681353,
    "rhythm_similarity": 0.5153544247972143,
    "chroma_similarity": 0.6820730865001678,
    "spectral_contrast_similarity": 0.8521228597491836,
    "perceptual_similarity": 0.503049413915115,
    "stent_weighted_audio_similarity": 0.6182833823536884
}