{
    "zcr_similarity": 0.97837970943343,
    "rhythm_similarity": 0.5228239241805512,
    "chroma_similarity": 0.665681779384613,
    "spectral_contrast_similarity": 0.8427309664184658,
    "perceptual_similarity": 0.5022353939002304,
    "stent_weighted_audio_similarity": 0.6180972580216115
}