{
    "zcr_similarity": 0.908762404043298,
    "rhythm_similarity": 0.5163149728339224,
    "chroma_similarity": 0.6192938685417175,
    "spectral_contrast_similarity": 0.8707842323340236,
    "perceptual_similarity": 0.50291590491055,
    "stent_weighted_audio_similarity": 0.5965358532993
}