{
    "zcr_similarity": 0.9378902098002838,
    "rhythm_similarity": 0.5081532415109267,
    "chroma_similarity": 0.686999499797821,
    "spectral_contrast_similarity": 0.8626471185786783,
    "perceptual_similarity": 0.5018127312783717,
    "stent_weighted_audio_similarity": 0.6132358483353484
}