{
    "zcr_similarity": 0.9720471808270111,
    "rhythm_similarity": 0.4999927782536104,
    "chroma_similarity": 0.6856824159622192,
    "spectral_contrast_similarity": 0.8038831056921799,
    "perceptual_similarity": 0.49947771302827937,
    "stent_weighted_audio_similarity": 0.6118283281834421
}