{
    "zcr_similarity": 0.959407627176688,
    "rhythm_similarity": 0.5221145621290714,
    "chroma_similarity": 0.6846407949924469,
    "spectral_contrast_similarity": 0.8603569082411985,
    "perceptual_similarity": 0.5057077247098726,
    "stent_weighted_audio_similarity": 0.6204098326257357
}