{
    "zcr_similarity": 0.9644527370229367,
    "rhythm_similarity": 0.49998665054854846,
    "chroma_similarity": 0.68546262383461,
    "spectral_contrast_similarity": 0.8468288803753024,
    "perceptual_similarity": 0.508591160587762,
    "stent_weighted_audio_similarity": 0.6163815224363016
}