{
    "zcr_similarity": 0.9393053282708598,
    "rhythm_similarity": 0.5157389255794728,
    "chroma_similarity": 0.6882719993591309,
    "spectral_contrast_similarity": 0.8506443408012461,
    "perceptual_similarity": 0.5028488265835069,
    "stent_weighted_audio_similarity": 0.6142974500387187
}