{
    "zcr_similarity": 0.952429913494842,
    "rhythm_similarity": 0.5996222712391316,
    "chroma_similarity": 0.647170215845108,
    "spectral_contrast_similarity": 0.8057914249412235,
    "perceptual_similarity": 0.5484821244227553,
    "stent_weighted_audio_similarity": 0.6301200474944898
}