{
    "zcr_similarity": 0.9706670778023736,
    "rhythm_similarity": 0.5766698675474281,
    "chroma_similarity": 0.6873443126678467,
    "spectral_contrast_similarity": 0.8141245458937126,
    "perceptual_similarity": 0.5899697947786906,
    "stent_weighted_audio_similarity": 0.6463426651486391
}