{
    "zcr_similarity": 0.967731445940057,
    "rhythm_similarity": 0.5949670651941359,
    "chroma_similarity": 0.7280865013599396,
    "spectral_contrast_similarity": 0.7993773099564756,
    "perceptual_similarity": 0.5957820372755384,
    "stent_weighted_audio_similarity": 0.6572511409495818
}