{
    "zcr_similarity": 0.980592358603453,
    "rhythm_similarity": 0.5450614289414366,
    "chroma_similarity": 0.7966621667146683,
    "spectral_contrast_similarity": 0.8444390594965449,
    "perceptual_similarity": 0.527537789044018,
    "stent_weighted_audio_similarity": 0.6544146546103697
}