{
    "zcr_similarity": 0.970339933087597,
    "rhythm_similarity": 0.5812691053343201,
    "chroma_similarity": 0.7415715456008911,
    "spectral_contrast_similarity": 0.8010211076683958,
    "perceptual_similarity": 0.5345535222363094,
    "stent_weighted_audio_similarity": 0.6456489320186631
}