{
    "zcr_similarity": 0.9551176155258612,
    "rhythm_similarity": 0.5668063883333164,
    "chroma_similarity": 0.7322515845298767,
    "spectral_contrast_similarity": 0.8155698661853966,
    "perceptual_similarity": 0.5628473313805336,
    "stent_weighted_audio_similarity": 0.6449615705724572
}