{
    "zcr_similarity": 0.9869802174171339,
    "rhythm_similarity": 0.611347661507066,
    "chroma_similarity": 0.7851425260305405,
    "spectral_contrast_similarity": 0.8433341817116944,
    "perceptual_similarity": 0.6113849046233804,
    "stent_weighted_audio_similarity": 0.6833044800867937
}