{
    "zcr_similarity": 0.980342905416088,
    "rhythm_similarity": 0.6660337515558551,
    "chroma_similarity": 0.8370025008916855,
    "spectral_contrast_similarity": 0.8544001263469968,
    "perceptual_similarity": 0.6722662599801277,
    "stent_weighted_audio_similarity": 0.716569096203451
}