{
    "zcr_similarity": 0.9494828474872411,
    "rhythm_similarity": 0.6002919010311497,
    "chroma_similarity": 0.6706241965293884,
    "spectral_contrast_similarity": 0.8102323437059704,
    "perceptual_similarity": 0.5464790760139056,
    "stent_weighted_audio_similarity": 0.6343988385829341
}