{
    "zcr_similarity": 0.9502991401659532,
    "rhythm_similarity": 0.5728573278815934,
    "chroma_similarity": 0.671206146478653,
    "spectral_contrast_similarity": 0.7927253418025644,
    "perceptual_similarity": 0.5464444146409758,
    "stent_weighted_audio_similarity": 0.6274339400136916
}