{
    "zcr_similarity": 0.9802734782967586,
    "rhythm_similarity": 0.6656307193815636,
    "chroma_similarity": 0.7709673494100571,
    "spectral_contrast_similarity": 0.845372332216411,
    "perceptual_similarity": 0.5666004383957777,
    "stent_weighted_audio_similarity": 0.6812316303184726
}