{
    "zcr_similarity": 0.989897699306827,
    "rhythm_similarity": 0.5990887971714293,
    "chroma_similarity": 0.6724346578121185,
    "spectral_contrast_similarity": 0.7997571635160505,
    "perceptual_similarity": 0.5557178798669741,
    "stent_weighted_audio_similarity": 0.6434035231830749
}