{
    "zcr_similarity": 0.9651031695614349,
    "rhythm_similarity": 0.5369488029282039,
    "chroma_similarity": 0.7384951412677765,
    "spectral_contrast_similarity": 0.8279916119881502,
    "perceptual_similarity": 0.526223521971488,
    "stent_weighted_audio_similarity": 0.6361532883445957
}