{
    "zcr_similarity": 0.9611269877947876,
    "rhythm_similarity": 0.5306711852487407,
    "chroma_similarity": 0.7589842230081558,
    "spectral_contrast_similarity": 0.8245132062896863,
    "perceptual_similarity": 0.5416305821472386,
    "stent_weighted_audio_similarity": 0.6409339162687531
}