{
    "zcr_similarity": 0.974444862571266,
    "rhythm_similarity": 0.5037749327569677,
    "chroma_similarity": 0.7891687601804733,
    "spectral_contrast_similarity": 0.8371587422922597,
    "perceptual_similarity": 0.49906854379673715,
    "stent_weighted_audio_similarity": 0.6370072940903149
}