{
    "zcr_similarity": 0.971082180568333,
    "rhythm_similarity": 0.5367054856996607,
    "chroma_similarity": 0.7344181835651398,
    "spectral_contrast_similarity": 0.824670453662802,
    "perceptual_similarity": 0.5196982454856894,
    "stent_weighted_audio_similarity": 0.6348478644300448
}