{
    "zcr_similarity": 0.9694943395266515,
    "rhythm_similarity": 0.5277267783282805,
    "chroma_similarity": 0.7543765604496002,
    "spectral_contrast_similarity": 0.8418090741268327,
    "perceptual_similarity": 0.5141451386977288,
    "stent_weighted_audio_similarity": 0.6373294708131356
}