{
    "zcr_similarity": 0.972586557751223,
    "rhythm_similarity": 0.5492799141265392,
    "chroma_similarity": 0.7354578375816345,
    "spectral_contrast_similarity": 0.8372887185302478,
    "perceptual_similarity": 0.5752784087799713,
    "stent_weighted_audio_similarity": 0.6502494155008984
}