{
    "zcr_similarity": 0.9774959612793048,
    "rhythm_similarity": 0.516126789698463,
    "chroma_similarity": 0.7487248778343201,
    "spectral_contrast_similarity": 0.8261965589301172,
    "perceptual_similarity": 0.5181607328559138,
    "stent_weighted_audio_similarity": 0.6347213282266121
}