{
    "zcr_similarity": 0.982646133338015,
    "rhythm_similarity": 0.5373133218756134,
    "chroma_similarity": 0.816660463809967,
    "spectral_contrast_similarity": 0.867732187264906,
    "perceptual_similarity": 0.5360947485892494,
    "stent_weighted_audio_similarity": 0.6613161522490596
}