{
    "zcr_similarity": 0.9668136452002399,
    "rhythm_similarity": 0.5770498537627676,
    "chroma_similarity": 0.8360337913036346,
    "spectral_contrast_similarity": 0.8582781181639436,
    "perceptual_similarity": 0.5484300311793667,
    "stent_weighted_audio_similarity": 0.6714932761055962
}