{
    "zcr_similarity": 0.981003013317449,
    "rhythm_similarity": 0.5610784964679214,
    "chroma_similarity": 0.8275379836559296,
    "spectral_contrast_similarity": 0.8620075077840881,
    "perceptual_similarity": 0.5626790608629291,
    "stent_weighted_audio_similarity": 0.6726604616392546
}