{
    "zcr_similarity": 0.960441688137384,
    "rhythm_similarity": 0.5419746631750838,
    "chroma_similarity": 0.7794174551963806,
    "spectral_contrast_similarity": 0.8465012541657849,
    "perceptual_similarity": 0.5416666115064702,
    "stent_weighted_audio_similarity": 0.6493502090196421
}