{
    "zcr_similarity": 0.974039394967121,
    "rhythm_similarity": 0.5361701933443221,
    "chroma_similarity": 0.7758506089448929,
    "spectral_contrast_similarity": 0.845804715322645,
    "perceptual_similarity": 0.5371952489255511,
    "stent_weighted_audio_similarity": 0.649231560768642
}