{
    "zcr_similarity": 0.96941567214292,
    "rhythm_similarity": 0.5508511572130168,
    "chroma_similarity": 0.7838531881570816,
    "spectral_contrast_similarity": 0.8329311600186708,
    "perceptual_similarity": 0.5490903264158181,
    "stent_weighted_audio_similarity": 0.6539351847876343
}