{
    "zcr_similarity": 0.950516867397017,
    "rhythm_similarity": 0.5854074442781613,
    "chroma_similarity": 0.7102586328983307,
    "spectral_contrast_similarity": 0.7953734887370593,
    "perceptual_similarity": 0.5492426093461086,
    "stent_weighted_audio_similarity": 0.6386224596576295
}