{
    "zcr_similarity": 0.971184423627921,
    "rhythm_similarity": 0.5945107415801094,
    "chroma_similarity": 0.7146975696086884,
    "spectral_contrast_similarity": 0.807228947670984,
    "perceptual_similarity": 0.557346502867968,
    "stent_weighted_audio_similarity": 0.6482707423040357
}