{
    "zcr_similarity": 0.969042485964855,
    "rhythm_similarity": 0.5799619640533198,
    "chroma_similarity": 0.821586549282074,
    "spectral_contrast_similarity": 0.8517392612838621,
    "perceptual_similarity": 0.5236250247869347,
    "stent_weighted_audio_similarity": 0.6640171309458229
}