{
    "zcr_similarity": 0.9629077401551053,
    "rhythm_similarity": 0.624906161691423,
    "chroma_similarity": 0.7581820338964462,
    "spectral_contrast_similarity": 0.8206548446524841,
    "perceptual_similarity": 0.5735286712442887,
    "stent_weighted_audio_similarity": 0.6659704058627012
}