{
    "zcr_similarity": 0.9823136189380458,
    "rhythm_similarity": 0.5276184806880619,
    "chroma_similarity": 0.7286166846752167,
    "spectral_contrast_similarity": 0.782812433159455,
    "perceptual_similarity": 0.5225706903234189,
    "stent_weighted_audio_similarity": 0.6305051382408943
}