{
    "zcr_similarity": 0.9590706276322376,
    "rhythm_similarity": 0.49999815381608353,
    "chroma_similarity": 0.6452735066413879,
    "spectral_contrast_similarity": 0.7311064830623405,
    "perceptual_similarity": 0.5036979960644014,
    "stent_weighted_audio_similarity": 0.5947187051370562
}