{
    "zcr_similarity": 0.9518483535761695,
    "rhythm_similarity": 0.5765281694475107,
    "chroma_similarity": 0.7194125354290009,
    "spectral_contrast_similarity": 0.7924636406490406,
    "perceptual_similarity": 0.5448134119972722,
    "stent_weighted_audio_similarity": 0.6377668581548948
}