{
    "zcr_similarity": 0.9031072543293722,
    "rhythm_similarity": 0.49999202794302783,
    "chroma_similarity": 0.7455775141716003,
    "spectral_contrast_similarity": 0.5726177473113743,
    "perceptual_similarity": 0.510721938902307,
    "stent_weighted_audio_similarity": 0.5891415218003989
}