{
    "zcr_similarity": 0.9734750977702715,
    "rhythm_similarity": 0.5973385924483998,
    "chroma_similarity": 0.7568941563367844,
    "spectral_contrast_similarity": 0.8295626710468189,
    "perceptual_similarity": 0.5512840459988583,
    "stent_weighted_audio_similarity": 0.6587546456155448
}