{
    "zcr_similarity": 0.9550844089263121,
    "rhythm_similarity": 0.551714599845459,
    "chroma_similarity": 0.7188474535942078,
    "spectral_contrast_similarity": 0.804246233154137,
    "perceptual_similarity": 0.5207801076753171,
    "stent_weighted_audio_similarity": 0.6297099373236729
}