{
    "zcr_similarity": 0.964578604440055,
    "rhythm_similarity": 0.5810245754046166,
    "chroma_similarity": 0.7011496722698212,
    "spectral_contrast_similarity": 0.7997592201777803,
    "perceptual_similarity": 0.5875950931244144,
    "stent_weighted_audio_similarity": 0.6468455110655595
}