{
    "zcr_similarity": 0.9833219767510134,
    "rhythm_similarity": 0.5714457543649876,
    "chroma_similarity": 0.7786523401737213,
    "spectral_contrast_similarity": 0.8317805610899132,
    "perceptual_similarity": 0.6416726715705785,
    "stent_weighted_audio_similarity": 0.6781966046810515
}