{
    "zcr_similarity": 0.9592786001598246,
    "rhythm_similarity": 0.567657603458452,
    "chroma_similarity": 0.7433546483516693,
    "spectral_contrast_similarity": 0.817920920532936,
    "perceptual_similarity": 0.5551819535794535,
    "stent_weighted_audio_similarity": 0.6468866531631736
}