{
    "zcr_similarity": 0.9888452003250511,
    "rhythm_similarity": 0.5242768434866593,
    "chroma_similarity": 0.6782469749450684,
    "spectral_contrast_similarity": 0.9003551888418642,
    "perceptual_similarity": 0.5002658882226475,
    "stent_weighted_audio_similarity": 0.6283625002800717
}