{
    "zcr_similarity": 0.958077535898422,
    "rhythm_similarity": 0.5089143755301757,
    "chroma_similarity": 0.6769988834857941,
    "spectral_contrast_similarity": 0.857822000067068,
    "perceptual_similarity": 0.5032743472732053,
    "stent_weighted_audio_similarity": 0.6152352284442263
}