{
    "zcr_similarity": 0.9679450940122523,
    "rhythm_similarity": 0.49998467651285683,
    "chroma_similarity": 0.6336660087108612,
    "spectral_contrast_similarity": 0.8588302277290049,
    "perceptual_similarity": 0.5071690923099845,
    "stent_weighted_audio_similarity": 0.6076359970820916
}