{
    "zcr_similarity": 0.99337901271081,
    "rhythm_similarity": 0.5316053206066231,
    "chroma_similarity": 0.6689024269580841,
    "spectral_contrast_similarity": 0.8947119538968993,
    "perceptual_similarity": 0.5028366170035157,
    "stent_weighted_audio_similarity": 0.6288158708454966
}