{
    "zcr_similarity": 0.9665686510664526,
    "rhythm_similarity": 0.4999938311260073,
    "chroma_similarity": 0.6793537437915802,
    "spectral_contrast_similarity": 0.875824174751066,
    "perceptual_similarity": 0.4999739462139329,
    "stent_weighted_audio_similarity": 0.6167604519147013
}