{
    "zcr_similarity": 0.9546841317488743,
    "rhythm_similarity": 0.499990403241395,
    "chroma_similarity": 0.6022078692913055,
    "spectral_contrast_similarity": 0.8537792772407463,
    "perceptual_similarity": 0.5052799920545915,
    "stent_weighted_audio_similarity": 0.5978104069913079
}