{
    "zcr_similarity": 0.970073664634133,
    "rhythm_similarity": 0.49998659958838826,
    "chroma_similarity": 0.6963807046413422,
    "spectral_contrast_similarity": 0.8630498041169781,
    "perceptual_similarity": 0.502812549499713,
    "stent_weighted_audio_similarity": 0.6201556840844132
}