{
    "zcr_similarity": 0.9703254173070296,
    "rhythm_similarity": 0.49999389939102057,
    "chroma_similarity": 0.674747496843338,
    "spectral_contrast_similarity": 0.8852955820016836,
    "perceptual_similarity": 0.501918031417264,
    "stent_weighted_audio_similarity": 0.6179265271918988
}