{
    "zcr_similarity": 0.9960602536536927,
    "rhythm_similarity": 0.5673058903419589,
    "chroma_similarity": 0.7019363343715668,
    "spectral_contrast_similarity": 0.8074680160306396,
    "perceptual_similarity": 0.508040828500399,
    "stent_weighted_audio_similarity": 0.6354154629765875
}