{
    "zcr_similarity": 0.982545099981763,
    "rhythm_similarity": 0.5381856419800879,
    "chroma_similarity": 0.9048288315534592,
    "spectral_contrast_similarity": 0.8715721218104197,
    "perceptual_similarity": 0.5099035349261831,
    "stent_weighted_audio_similarity": 0.6742498338693407
}