{
    "zcr_similarity": 0.972469770111815,
    "rhythm_similarity": 0.5371099854835854,
    "chroma_similarity": 0.6754390001296997,
    "spectral_contrast_similarity": 0.7852680297803173,
    "perceptual_similarity": 0.5053986088384296,
    "stent_weighted_audio_similarity": 0.6166102758907377
}