{
    "zcr_similarity": 0.989311909241793,
    "rhythm_similarity": 0.5477297583076152,
    "chroma_similarity": 0.7646733969449997,
    "spectral_contrast_similarity": 0.7793658231609243,
    "perceptual_similarity": 0.5502988245360404,
    "stent_weighted_audio_similarity": 0.6483393601221821
}