{
    "zcr_similarity": 0.9495183938033811,
    "rhythm_similarity": 0.49998518197046665,
    "chroma_similarity": 0.7140171527862549,
    "spectral_contrast_similarity": 0.8604261718182797,
    "perceptual_similarity": 0.503152874712258,
    "stent_weighted_audio_similarity": 0.6193773378363001
}