{
    "zcr_similarity": 0.986812212841462,
    "rhythm_similarity": 0.4999915338453714,
    "chroma_similarity": 0.6456785202026367,
    "spectral_contrast_similarity": 0.8499050935315038,
    "perceptual_similarity": 0.5014039532449438,
    "stent_weighted_audio_similarity": 0.6117677533800331
}