{
    "zcr_similarity": 0.9941114342002908,
    "rhythm_similarity": 0.49998909075554926,
    "chroma_similarity": 0.5568141639232635,
    "spectral_contrast_similarity": 0.8516684779500819,
    "perceptual_similarity": 0.5028124744686691,
    "stent_weighted_audio_similarity": 0.5959122804645628
}