{
    "zcr_similarity": 0.9710530002478419,
    "rhythm_similarity": 0.49998751522987717,
    "chroma_similarity": 0.6669014990329742,
    "spectral_contrast_similarity": 0.875226023680961,
    "perceptual_similarity": 0.5034002780618279,
    "stent_weighted_audio_similarity": 0.6157910608826004
}