{
    "zcr_similarity": 0.9582896376080238,
    "rhythm_similarity": NaN,
    "chroma_similarity": 0.4992089867591858,
    "spectral_contrast_similarity": 0.6218827677967556
}