{
    "zcr_similarity": 0.984510445114216,
    "rhythm_similarity": 0.5211243350328821,
    "chroma_similarity": 0.7134000360965729,
    "spectral_contrast_similarity": 0.8605198535431935,
    "perceptual_similarity": 0.5060665251830103,
    "stent_weighted_audio_similarity": 0.6310722536396557
}