{
    "zcr_similarity": 0.9584604188192939,
    "rhythm_similarity": NaN,
    "chroma_similarity": 0.6344259083271027,
    "spectral_contrast_similarity": 0.6010132221111272
}