{
    "zcr_similarity": 0.976029487494503,
    "rhythm_similarity": 0.5118930957543685,
    "chroma_similarity": 0.6783460974693298,
    "spectral_contrast_similarity": 0.8752064955942985,
    "perceptual_similarity": 0.509852846542893,
    "stent_weighted_audio_similarity": 0.6227449550116487
}