{
    "zcr_similarity": 0.9961739323303207,
    "rhythm_similarity": 0.5096285288026712,
    "chroma_similarity": 0.7180730104446411,
    "spectral_contrast_similarity": 0.8712416066224972,
    "perceptual_similarity": 0.5095302007688682,
    "stent_weighted_audio_similarity": 0.63380529513155
}