{
    "zcr_similarity": 0.9958666995758825,
    "rhythm_similarity": 0.5574443026618376,
    "chroma_similarity": 0.819391742348671,
    "spectral_contrast_similarity": 0.8994798899988907,
    "perceptual_similarity": 0.5547846074297001,
    "stent_weighted_audio_similarity": 0.6754454594031073
}