{
    "zcr_similarity": 0.9837583532123666,
    "rhythm_similarity": 0.580966104799888,
    "chroma_similarity": 0.7931331396102905,
    "spectral_contrast_similarity": 0.8324091524388058,
    "perceptual_similarity": 0.5595389112113051,
    "stent_weighted_audio_similarity": 0.6667202170106507
}