{
    "zcr_similarity": 0.981695842842879,
    "rhythm_similarity": 0.5921806345414954,
    "chroma_similarity": 0.720909982919693,
    "spectral_contrast_similarity": 0.8221343929617756,
    "perceptual_similarity": 0.5559536568004446,
    "stent_weighted_audio_similarity": 0.65236146271708
}