{
    "zcr_similarity": 0.9686540540921873,
    "rhythm_similarity": 0.6082821592340676,
    "chroma_similarity": 0.788839265704155,
    "spectral_contrast_similarity": 0.8448828492888241,
    "perceptual_similarity": 0.5712669339835411,
    "stent_weighted_audio_similarity": 0.6718967675316726
}