{
    "zcr_similarity": 0.9747869637717158,
    "rhythm_similarity": 0.7303851858618592,
    "chroma_similarity": 0.8473597317934036,
    "spectral_contrast_similarity": 0.8557771245024842,
    "perceptual_similarity": 0.6135882128531636,
    "stent_weighted_audio_similarity": 0.7188017313062769
}