{
    "zcr_similarity": 0.9978943448374252,
    "rhythm_similarity": 0.6502966239663528,
    "chroma_similarity": 0.670400470495224,
    "spectral_contrast_similarity": 0.8320795122766871,
    "perceptual_similarity": 0.576046416372218,
    "stent_weighted_audio_similarity": 0.6621355223619128
}