{
    "zcr_similarity": 0.97507877673547,
    "rhythm_similarity": 0.6487589091278125,
    "chroma_similarity": 0.7876579761505127,
    "spectral_contrast_similarity": 0.8271745516351745,
    "perceptual_similarity": 0.5870103301003692,
    "stent_weighted_audio_similarity": 0.6824186535863505
}