{
    "zcr_similarity": 0.9769433714478921,
    "rhythm_similarity": 0.6558824292073993,
    "chroma_similarity": 0.7954112887382507,
    "spectral_contrast_similarity": 0.8321520332913234,
    "perceptual_similarity": 0.5881606347893973,
    "stent_weighted_audio_similarity": 0.6864947481657203
}