{
    "zcr_similarity": 0.988249173568481,
    "rhythm_similarity": 0.5349051384244964,
    "chroma_similarity": 0.8375351876020432,
    "spectral_contrast_similarity": 0.857963654908409,
    "perceptual_similarity": 0.5196982268713078,
    "stent_weighted_audio_similarity": 0.6618739107841066
}