{
    "zcr_similarity": 0.991359719471197,
    "rhythm_similarity": 0.609344284474508,
    "chroma_similarity": 0.7895357310771942,
    "spectral_contrast_similarity": 0.8557375287988753,
    "perceptual_similarity": 0.546309961382904,
    "stent_weighted_audio_similarity": 0.6728836921610483
}