{
    "zcr_similarity": 0.9714740676278895,
    "rhythm_similarity": 0.6054808404110543,
    "chroma_similarity": 0.6289476156234741,
    "spectral_contrast_similarity": 0.8261244975389518,
    "perceptual_similarity": 0.5017313968857979,
    "stent_weighted_audio_similarity": 0.6241392338635383
}