{
    "zcr_similarity": 0.9831580311170618,
    "rhythm_similarity": 0.5869702741699612,
    "chroma_similarity": 0.8402141034603119,
    "spectral_contrast_similarity": 0.8741895566120246,
    "perceptual_similarity": 0.5353637865118381,
    "stent_weighted_audio_similarity": 0.6765601947130371
}