{
    "zcr_similarity": 0.9613540157169604,
    "rhythm_similarity": 0.5960670296652271,
    "chroma_similarity": 0.7994752824306488,
    "spectral_contrast_similarity": 0.8615477368712794,
    "perceptual_similarity": 0.5309234102990257,
    "stent_weighted_audio_similarity": 0.6637187213095004
}