{
    "zcr_similarity": 0.9217994323665115,
    "rhythm_similarity": 0.582044904519537,
    "chroma_similarity": 0.8189355880022049,
    "spectral_contrast_similarity": 0.860860416750602,
    "perceptual_similarity": 0.5250397012261607,
    "stent_weighted_audio_similarity": 0.6556499668979431
}