{
    "zcr_similarity": 0.9883718914878235,
    "rhythm_similarity": 0.597322559943267,
    "chroma_similarity": 0.8402039259672165,
    "spectral_contrast_similarity": 0.8609916226275866,
    "perceptual_similarity": 0.5540405265654313,
    "stent_weighted_audio_similarity": 0.6820869430555063
}