{
    "zcr_similarity": 0.9560586915084545,
    "rhythm_similarity": 0.6475932544295582,
    "chroma_similarity": 0.835275873541832,
    "spectral_contrast_similarity": 0.8658949710625502,
    "perceptual_similarity": 0.5989181463749085,
    "stent_weighted_audio_similarity": 0.6941586902772057
}