{
    "zcr_similarity": 0.89499879217832,
    "rhythm_similarity": 0.6036139670049152,
    "chroma_similarity": 0.7559013515710831,
    "spectral_contrast_similarity": 0.8457492255371617,
    "perceptual_similarity": 0.5262455470511007,
    "stent_weighted_audio_similarity": 0.6407268541148001
}