{
    "zcr_similarity": 0.9752805774082478,
    "rhythm_similarity": 0.5610212207304829,
    "chroma_similarity": 0.6384072005748749,
    "spectral_contrast_similarity": 0.8429088452868813,
    "perceptual_similarity": 0.5255396749940427,
    "stent_weighted_audio_similarity": 0.6243406192702179
}