{
    "zcr_similarity": 0.988137077322623,
    "rhythm_similarity": 0.5519782338544521,
    "chroma_similarity": 0.6721106767654419,
    "spectral_contrast_similarity": 0.8121931800086267,
    "perceptual_similarity": 0.5335520480557846,
    "stent_weighted_audio_similarity": 0.6303749252005231
}