{
    "zcr_similarity": 0.9461319758464495,
    "rhythm_similarity": 0.49998848429475684,
    "chroma_similarity": 0.7552779018878937,
    "spectral_contrast_similarity": 0.7036546360599993,
    "perceptual_similarity": 0.5018269179731787,
    "stent_weighted_audio_similarity": 0.6110105196064557
}