{
    "zcr_similarity": 0.9870004418471107,
    "rhythm_similarity": 0.6437312393637437,
    "chroma_similarity": 0.7064155340194702,
    "spectral_contrast_similarity": 0.8546685799999485,
    "perceptual_similarity": 0.554673879993945,
    "stent_weighted_audio_similarity": 0.6638310770448488
}