{
    "zcr_similarity": 0.989053295606686,
    "rhythm_similarity": 0.5537490494217964,
    "chroma_similarity": 0.8077792376279831,
    "spectral_contrast_similarity": 0.8541234058030949,
    "perceptual_similarity": 0.5686024338991801,
    "stent_weighted_audio_similarity": 0.6692491438914387
}