{
    "zcr_similarity": 0.9878620593657828,
    "rhythm_similarity": 0.5613313896746641,
    "chroma_similarity": 0.7980579882860184,
    "spectral_contrast_similarity": 0.8566441430621345,
    "perceptual_similarity": 0.5461151721142441,
    "stent_weighted_audio_similarity": 0.6643377361943554
}