{
    "zcr_similarity": 0.9443391821498556,
    "rhythm_similarity": 0.5338359208743281,
    "chroma_similarity": 0.71664759516716,
    "spectral_contrast_similarity": 0.8278222640316459,
    "perceptual_similarity": 0.5388287342549238,
    "stent_weighted_audio_similarity": 0.6295125128924182
}