{
    "zcr_similarity": 0.9554483187570064,
    "rhythm_similarity": 0.538015949193172,
    "chroma_similarity": 0.7124791741371155,
    "spectral_contrast_similarity": 0.806936559172741,
    "perceptual_similarity": 0.5333660752194274,
    "stent_weighted_audio_similarity": 0.6285555593786184
}