{
    "zcr_similarity": 0.9421439926310821,
    "rhythm_similarity": 0.5446644507633828,
    "chroma_similarity": 0.6982632279396057,
    "spectral_contrast_similarity": 0.8240761137560072,
    "perceptual_similarity": 0.5648876165463794,
    "stent_weighted_audio_similarity": 0.6323994689516907
}