{
    "zcr_similarity": 0.9850535328795661,
    "rhythm_similarity": 0.5366143264731126,
    "chroma_similarity": 0.8469915091991425,
    "spectral_contrast_similarity": 0.8623280756856757,
    "perceptual_similarity": 0.5359749342853036,
    "stent_weighted_audio_similarity": 0.6671596681359926
}