{
    "zcr_similarity": 0.9845719661905962,
    "rhythm_similarity": 0.5623581322220446,
    "chroma_similarity": 0.8030005693435669,
    "spectral_contrast_similarity": 0.8311647737170768,
    "perceptual_similarity": 0.5699785920066125,
    "stent_weighted_audio_similarity": 0.6670983293242717
}