{
    "zcr_similarity": 0.966132018443847,
    "rhythm_similarity": 0.5272766765226443,
    "chroma_similarity": 0.7440040111541748,
    "spectral_contrast_similarity": 0.8173994123781128,
    "perceptual_similarity": 0.534232188406225,
    "stent_weighted_audio_similarity": 0.6360689201431896
}