{
    "zcr_similarity": 0.9768249954863865,
    "rhythm_similarity": 0.5832509853139777,
    "chroma_similarity": 0.8525951653718948,
    "spectral_contrast_similarity": 0.8500360757697603,
    "perceptual_similarity": 0.5686432630852861,
    "stent_weighted_audio_similarity": 0.6812664894284851
}