{
    "zcr_similarity": 0.9666506415081981,
    "rhythm_similarity": 0.5675292325510235,
    "chroma_similarity": 0.8183586448431015,
    "spectral_contrast_similarity": 0.8463696578744966,
    "perceptual_similarity": 0.517848762789726,
    "stent_weighted_audio_similarity": 0.6587144221258595
}