{
    "zcr_similarity": 0.962480831149171,
    "rhythm_similarity": 0.5162768058391217,
    "chroma_similarity": 0.7048677504062653,
    "spectral_contrast_similarity": 0.780279183299379,
    "perceptual_similarity": 0.5166257905167668,
    "stent_weighted_audio_similarity": 0.618078153912203
}