{
    "zcr_similarity": 0.9855975231912796,
    "rhythm_similarity": 0.5717452963718035,
    "chroma_similarity": 0.7446865439414978,
    "spectral_contrast_similarity": 0.8219888664231267,
    "perceptual_similarity": 0.5443016923403443,
    "stent_weighted_audio_similarity": 0.6514650978112977
}