{
    "zcr_similarity": 0.9967743382327773,
    "rhythm_similarity": 0.5349826482459892,
    "chroma_similarity": 0.7690440714359283,
    "spectral_contrast_similarity": 0.8357716984331495,
    "perceptual_similarity": 0.5229294967015621,
    "stent_weighted_audio_similarity": 0.6483232807665664
}