{
    "zcr_similarity": 0.9766373139673463,
    "rhythm_similarity": 0.5808774714577247,
    "chroma_similarity": 0.8130119144916534,
    "spectral_contrast_similarity": 0.8431810101430317,
    "perceptual_similarity": 0.5970698364445601,
    "stent_weighted_audio_similarity": 0.6778374082865601
}