{
    "zcr_similarity": 0.9870929074907803,
    "rhythm_similarity": 0.5446599331831455,
    "chroma_similarity": 0.6865736842155457,
    "spectral_contrast_similarity": 0.7955746009040354,
    "perceptual_similarity": 0.5310669335647512,
    "stent_weighted_audio_similarity": 0.6294361517812481
}