{
    "zcr_similarity": 0.9835173123061185,
    "rhythm_similarity": 0.5193496047526234,
    "chroma_similarity": 0.7777233868837357,
    "spectral_contrast_similarity": 0.8302276633007981,
    "perceptual_similarity": 0.5230606270362619,
    "stent_weighted_audio_similarity": 0.6437529525258278
}