{
    "zcr_similarity": 0.961822581110672,
    "rhythm_similarity": 0.4999956076895357,
    "chroma_similarity": 0.6741659939289093,
    "spectral_contrast_similarity": 0.7709770019906867,
    "perceptual_similarity": 0.5062117294631916,
    "stent_weighted_audio_similarity": 0.6055368826375305
}